id,gender,name,age,hobby
1,m,"Olivia Brandon",60,Reading
2,m,"Willie Adam",44,Travel
3,m,"Vincent Arthur",34,Travel
4,f,"Janet Roger",22,Fasion
5,f,"Joe Stephen",26,Fasion
6,f,"Richard Samuel",59,Sewing
7,f,"Charles Alexander",71,Sewing
8,m,"Marilyn Kyle",82,Reading
9,m,"Dylan Jeremy",53,Reading
10,f,"Daniel Alan",39,Cooking
11,m,"Roger Bruce",61,Reading
12,m,"Gregory Richard",71,Reading
13,f,"Robert David",38,Cooking
14,m,"Kelly Walter",31,Travel
15,f,"Martha Bobby",56,Sewing
16,f,"Joseph George",44,Cooking
17,m,"Timothy Justin",83,Reading
18,m,"Janet John",90,Reading
19,m,"Linda Alan",76,Reading
20,f,"Angela Samuel",68,Sewing
21,f,"Donald Edward",26,Fasion
22,f,"Jordan Ryan",70,Sewing
23,m,"Sarah Billy",42,Travel
24,f,"Johnny Kevin",66,Sewing
25,m,"Julia Joseph",56,Reading
26,f,"Diana Jose",65,Sewing
27,f,"Kathryn Willie",71,Sewing
28,f,"Martha Eric",25,Fasion
29,m,"Andrew Jeffrey",65,Reading
30,f,"Scott Nicholas",37,Cooking
31,f,"Ethan Steven",70,Sewing
32,f,"Stephen Joe",90,Sewing
33,m,"Judy Christopher",23,Sports
34,m,"Arthur Richard",66,Reading
35,m,"Mark Steven",49,Travel
36,m,"Billy Dylan",44,Travel
37,m,"Bryan Paul",56,Reading
38,m,"Sharon Charles",48,Travel
39,m,"Kayla Lawrence",32,Travel
40,f,"Grace Gregory",86,Sewing
41,m,"Patrick Timothy",27,Sports
42,m,"Carolyn Willie",52,Reading
43,m,"Janice Matthew",84,Reading
44,m,"Jesse Eugene",29,Sports
45,f,"Donna Jose",23,Fasion
46,f,"Sara Gary",56,Sewing
47,f,"Charles John",63,Sewing
48,f,"Jacqueline Gary",23,Fasion
49,m,"Natalie Stephen",39,Travel
50,f,"Kelly Jacob",89,Sewing
51,f,"Joseph Eugene",41,Cooking
52,f,"Nicole John",32,Cooking
53,f,"Denise Scott",71,Sewing
54,f,"Gerald Albert",27,Fasion
55,m,"Margaret Daniel",22,Sports
56,f,"Steven Larry",67,Sewing
57,m,"Sandra Jason",66,Reading
58,f,"Jose Philip",42,Cooking
59,f,"Daniel Eugene",47,Cooking
60,f,"Michael Carl",55,Sewing
61,m,"Dennis Randy",50,Travel
62,f,"Lisa Alan",76,Sewing
63,f,"Keith Dylan",76,Sewing
64,m,"Steven Benjamin",66,Reading
65,f,"Christine Albert",79,Sewing
66,f,"Jacqueline Jonathan",72,Sewing
67,f,"Olivia Jesse",49,Cooking
68,m,"Susan Vincent",25,Sports
69,f,"Diana Joe",39,Cooking
70,f,"Douglas Jeremy",44,Cooking
71,f,"Dennis Raymond",81,Sewing
72,m,"Angela Russell",70,Reading
73,m,"Brittany Keith",64,Reading
74,m,"Nancy Scott",72,Reading
75,m,"Megan Nicholas",45,Travel
76,m,"Kenneth Edward",36,Travel
77,f,"John Justin",45,Cooking
78,m,"Albert Sean",33,Travel
79,f,"Helen Nathan",57,Sewing
80,f,"William Walter",76,Sewing
81,m,"Johnny Douglas",32,Travel
82,m,"Jennifer Dylan",56,Reading
83,m,"Abigail Andrew",31,Travel
84,f,"Michelle Jacob",37,Cooking
85,f,"Timothy Johnny",58,Sewing
86,f,"Robert Philip",87,Sewing
87,f,"Sandra Edward",73,Sewing
88,f,"Arthur Gabriel",35,Cooking
89,f,"Alexander Arthur",78,Sewing
90,f,"Justin Douglas",26,Fasion
91,f,"Vincent Wayne",40,Cooking
92,m,"Dylan Anthony",26,Sports
93,m,"Bryan Jesse",83,Reading
94,m,"Benjamin Gerald",84,Reading
95,m,"Ralph Dylan",70,Reading
96,f,"Ryan Thomas",51,Sewing
97,f,"Rebecca Aaron",32,Cooking
98,m,"Matthew Sean",75,Reading
99,f,"Kayla Jason",31,Cooking
100,f,"Amanda Thomas",63,Sewing
101,m,"Brian Benjamin",80,Reading
102,f,"Jean Philip",35,Cooking
103,f,"Christina Jason",40,Cooking
104,m,"Elizabeth Ronald",82,Reading
105,m,"Sandra Jeffrey",80,Reading
106,f,"Nathan Roy",90,Sewing
107,m,"Shirley Mark",78,Reading
108,m,"Doris Frank",28,Sports
109,f,"Thomas Harold",37,Cooking
110,f,"Jack Ethan",37,Cooking
111,f,"Megan Henry",60,Sewing
112,m,"Tyler Alexander",47,Travel
113,f,"Betty Logan",40,Cooking
114,m,"Timothy Joseph",53,Reading
115,m,"Virginia Frank",54,Reading
116,f,"Wayne Mark",67,Sewing
117,f,"Pamela Jacob",69,Sewing
118,f,"Frank Ryan",44,Cooking
119,f,"Maria Eric",70,Sewing
120,f,"Kayla Philip",55,Sewing
121,m,"Lisa Harold",62,Reading
122,f,"Carolyn Austin",69,Sewing
123,m,"Heather Mark",21,Sports
124,f,"Hannah Steven",88,Sewing
125,f,"Mark Matthew",70,Sewing
126,f,"Ashley Thomas",81,Sewing
127,m,"Natalie Benjamin",82,Reading
128,f,"Gabriel Gerald",21,Fasion
129,m,"Larry Dennis",76,Reading
130,m,"Frances Joe",23,Sports
131,f,"Kenneth Bryan",44,Cooking
132,f,"Aaron Charles",55,Sewing
133,m,"Karen Ethan",43,Travel
134,f,"Logan Elijah",33,Cooking
135,f,"Charles Daniel",40,Cooking
136,m,"Harold Peter",24,Sports
137,m,"Deborah Adam",33,Travel
138,m,"Gerald Ryan",56,Reading
139,f,"Lisa Alan",40,Cooking
140,f,"Billy Patrick",90,Sewing
141,f,"Dorothy Bobby",87,Sewing
142,f,"Raymond Kenneth",77,Sewing
143,f,"Amy James",68,Sewing
144,m,"Madison Alexander",70,Reading
145,m,"Mary Jordan",63,Reading
146,f,"Terry Elijah",58,Sewing
147,f,"Amanda Willie",39,Cooking
148,m,"Patrick Benjamin",51,Reading
149,m,"Johnny Joseph",27,Sports
150,m,"Amanda Willie",25,Sports
151,f,"Joshua Douglas",56,Sewing
152,m,"Madison Nathan",63,Reading
153,m,"Nicholas Dylan",60,Reading
154,m,"Carl Alexander",51,Reading
155,m,"Sarah Willie",77,Reading
156,m,"Sandra Raymond",21,Sports
157,f,"Natalie Wayne",43,Cooking
158,m,"Roy Willie",44,Travel
159,f,"Ronald Kevin",49,Cooking
160,m,"Margaret Jonathan",32,Travel
161,m,"Gloria Albert",49,Travel
162,m,"Helen Randy",67,Reading
163,m,"John Christopher",33,Travel
164,m,"Rebecca Alan",61,Reading
165,f,"Stephanie Randy",27,Fasion
166,f,"Ronald Anthony",44,Cooking
167,f,"David Christian",80,Sewing
168,m,"Christopher Nicholas",64,Reading
169,f,"Susan Ronald",35,Cooking
170,f,"Elijah Jeremy",76,Sewing
171,m,"Eric Johnny",26,Sports
172,f,"Sara Randy",43,Cooking
173,m,"Willie Christian",84,Reading
174,m,"Arthur Michael",51,Reading
175,f,"Helen Willie",51,Sewing
176,m,"Marie Christopher",30,Sports
177,f,"Carol George",89,Sewing
178,f,"Patricia Jacob",57,Sewing
179,m,"Jason Sean",54,Reading
180,f,"Jesse Joshua",48,Cooking
181,f,"Robert Ethan",69,Sewing
182,m,"Albert Harold",64,Reading
183,f,"Andrea Kenneth",77,Sewing
184,f,"Ryan Samuel",62,Sewing
185,f,"Jerry Daniel",68,Sewing
186,f,"Brian Thomas",48,Cooking
187,f,"Pamela Jose",63,Sewing
188,f,"Grace Steven",86,Sewing
189,m,"Ruth Arthur",47,Travel
190,m,"Brandon Alexander",24,Sports
191,m,"Catherine John",76,Reading
192,m,"Denise Alan",88,Reading
193,m,"Jean Keith",54,Reading
194,f,"Heather Joe",21,Fasion
195,m,"Marie Elijah",20,Sports
196,f,"Charles Jerry",78,Sewing
197,f,"Billy Gerald",37,Cooking
198,m,"Emma Joe",22,Sports
199,m,"Gary Harold",68,Reading
200,m,"Michael Ryan",62,Reading
201,f,"Julia Matthew",74,Sewing
202,m,"Keith Johnny",35,Travel
203,f,"Amy Eric",63,Sewing
204,m,"Justin Austin",40,Travel
205,m,"Nathan Bobby",90,Reading
206,m,"Cheryl Wayne",86,Reading
207,m,"Tyler Jordan",67,Reading
208,m,"Cheryl Patrick",88,Reading
209,m,"Gary Harold",89,Reading
210,m,"Carolyn Douglas",27,Sports
211,m,"Stephen Matthew",66,Reading
212,m,"Shirley Daniel",81,Reading
213,f,"Brittany Logan",62,Sewing
214,f,"Gregory Willie",69,Sewing
215,m,"Katherine Jeremy",28,Sports
,f,"Cheryl Bryan",73,Sewing
,m,"Betty Douglas",50,Travel
,f,"Diane Alexander",69,Sewing
,f,"Ralph Austin",32,Cooking
,m,"Hannah Joshua",47,Travel
,f,"Sara Paul",46,Cooking
,m,"Terry Jacob",90,Reading
223,m,"Olivia Randy",50,Travel
224,f,"Virginia Alexander",62,Sewing
225,f,"Kathryn Zachary",75,Sewing
226,m,"Edward Daniel",76,Reading
227,f,"Denise Peter",63,Sewing
228,f,"Natalie Alexander",78,Sewing
229,m,"Jacqueline Joseph",46,Travel
230,f,"Jacqueline Jordan",46,Cooking
231,f,"Martha Joshua",34,Cooking
232,m,"Amber Bryan",38,Travel
233,f,"Richard Jacob",83,Sewing
234,m,"Larry Charles",34,Travel
235,f,"Steven Richard",78,Sewing
236,m,"Keith Philip",41,Travel
237,f,"Nicole Vincent",56,Sewing
238,m,"Austin Bruce",27,Sports
239,f,"Randy Ethan",89,Sewing
240,f,"Frances Jacob",33,Cooking
241,m,"Ruth Eugene",68,Reading
242,m,"Teresa Wayne",69,Reading
243,f,"Douglas Albert",33,Cooking
244,f,"Lawrence Ronald",57,Sewing
245,m,"Gary Scott",31,Travel
246,f,"Kelly Keith",40,Cooking
247,m,"Natalie Jeremy",58,Reading
248,f,"Ethan Peter",71,Sewing
249,m,"Mary Bruce",75,Reading
250,f,"Jack James",47,Cooking
251,f,"James Benjamin",38,Cooking
252,f,"Anna Edward",90,Sewing
253,m,"Donna Dennis",26,Sports
254,m,"Keith Vincent",40,Travel
255,f,"Laura Alexander",87,Sewing
256,m,"Lauren Willie",89,Reading
257,f,"Alexander Peter",71,Sewing
258,f,"Samuel Nathan",57,Sewing
259,f,"Victoria Dylan",55,Sewing
260,m,"Willie Alan",60,Reading
261,f,"David Gerald",51,Sewing
262,m,"Sophia Henry",39,Travel
263,f,"Kenneth Carl",79,Sewing
264,m,"Christina Joshua",60,Reading
265,f,"Harold Eugene",32,Cooking
266,f,"Adam Scott",35,Cooking
267,m,"Keith Jerry",56,Reading
268,f,"Jessica Bobby",64,Sewing
269,f,"Heather Matthew",56,Sewing
270,f,"Amy Gabriel",23,Fasion
271,m,"Frank Ethan",60,Reading
272,f,"Philip Sean",78,Sewing
273,m,"Emma Mark",53,Reading
274,f,"Roger Johnny",84,Sewing
275,f,"Evelyn James",71,Sewing
276,f,"Marie Roger",36,Cooking
277,m,"Julia David",85,Reading
278,f,"Heather David",20,Fasion
279,f,"Terry Logan",86,Sewing
280,m,"Carolyn Logan",55,Reading
281,m,"Olivia Eric",73,Reading
282,f,"Christina Wayne",61,Sewing
283,m,"Gary Gerald",31,Travel
284,f,"Elijah Patrick",86,Sewing
285,f,"Gabriel Jonathan",80,Sewing
286,m,"Christina Jacob",78,Reading
287,f,"Alan Gary",42,Cooking
288,f,"Amanda Timothy",64,Sewing
289,m,"Philip Thomas",72,Reading
290,f,"Paul Johnny",38,Cooking
291,m,"Mary Jeremy",78,Reading
292,m,"Susan Benjamin",70,Reading
293,m,"Michelle Scott",49,Travel
294,f,"Catherine Randy",75,Sewing
295,m,"Brandon Terry",58,Reading
296,m,"Sandra Jesse",50,Travel
297,m,"Debra Joshua",21,Sports
298,m,"Theresa Louis",76,Reading
299,f,"Daniel Paul",75,Sewing
300,f,"Patrick Kenneth",70,Sewing
301,m,"Arthur Jonathan",36,Travel
302,m,"Mary Nicholas",79,Reading
303,m,"Jeffrey Roy",67,Reading
304,m,"Jack Edward",25,Sports
305,m,"Joyce Joseph",75,Reading
306,f,"Paul Anthony",75,Sewing
307,m,"Anna Alan",65,Reading
308,m,"Robert John",67,Reading
309,f,"Isabella Timothy",66,Sewing
310,f,"Elijah Kenneth",55,Sewing
311,f,"Diane Jacob",21,Fasion
312,m,"Jacob Albert",52,Reading
313,m,"Victoria Jeremy",38,Travel
314,m,"Theresa Alan",60,Reading
315,m,"Heather Vincent",79,Reading
316,f,"Anna Bruce",49,Cooking
317,f,"Jeremy Henry",46,Cooking
318,m,"Joyce David",59,Reading
319,m,"Stephen Ryan",47,Travel
320,f,"Jesse Patrick",22,Fasion
321,m,"Tyler Sean",90,Reading
322,m,"Ruth Adam",21,Sports
323,f,"Daniel Justin",80,Sewing
324,m,"Olivia Alan",27,Sports
325,f,"Gloria Brandon",72,Sewing
326,m,"Madison Joe",54,Reading
327,m,"Judith Timothy",59,Reading
328,f,"Rose Christopher",32,Cooking
329,m,"Lawrence Keith",75,Reading
330,m,"David Arthur",42,Travel
331,m,"Patrick Eugene",43,Travel
332,m,"Catherine Jeremy",35,Travel
333,m,"Samuel Gabriel",28,Sports
334,m,"Diana Scott",80,Reading
335,m,"William William",42,Travel
336,m,"Patricia James",34,Travel
337,f,"Nancy Harold",90,Sewing
338,f,"Roy Jason",85,Sewing
339,f,"Kimberly Elijah",38,Cooking
340,m,"Angela Kyle",20,Sports
341,f,"Jessica Lawrence",88,Sewing
342,f,"Elizabeth Andrew",38,Cooking
343,m,"Ethan Charles",66,Reading
344,f,"Sophia Willie",63,Sewing
345,f,"Katherine Wayne",43,Cooking
346,m,"Robert Bruce",83,Reading
347,f,"Jessica Kyle",64,Sewing
348,f,"Denise Anthony",40,Cooking
349,m,"Lisa Dylan",80,Reading
350,m,"Susan Mark",35,Travel
351,m,"Grace Louis",28,Sports
352,m,"Scott Joshua",26,Sports
353,f,"Janice Frank",83,Sewing
354,f,"Jonathan Louis",66,Sewing
355,f,"Gabriel Willie",63,Sewing
356,f,"Bryan Daniel",81,Sewing
357,m,"Susan Philip",39,Travel
358,f,"Alice Russell",70,Sewing
359,m,"Timothy Stephen",87,Reading
360,m,"Matthew Willie",77,Reading
361,f,"Joshua Christian",70,Sewing
362,m,"Susan Steven",74,Reading
363,m,"Mary George",33,Travel
364,m,"Adam Ryan",63,Reading
365,m,"Alice Douglas",28,Sports
366,f,"Thomas Anthony",63,Sewing
367,f,"Charles Bobby",57,Sewing
368,f,"Ruth Eric",34,Cooking
369,m,"Rachel Louis",65,Reading
370,m,"Samantha Patrick",80,Reading
371,m,"Jacob George",66,Reading
372,m,"George Albert",45,Travel
373,m,"Ruth Dennis",61,Reading
374,f,"Rebecca Terry",84,Sewing
375,m,"Diane Adam",82,Reading
376,m,"Alexis Daniel",36,Travel
377,f,"Stephanie Daniel",85,Sewing
378,m,"Bruce Kyle",78,Reading
379,m,"Rose Peter",54,Reading
380,f,"Matthew Brandon",88,Sewing
381,m,"Joshua Eugene",26,Sports
382,m,"Michelle Matthew",35,Travel
383,f,"Bobby Samuel",80,Sewing
384,m,"Catherine Joshua",23,Sports
385,m,"Ronald Lawrence",59,Reading
386,f,"Alan Christian",70,Sewing
387,f,"Ann Tyler",47,Cooking
388,m,"Logan Jacob",50,Travel
389,m,"Paul Roy",80,Reading
390,f,"Nancy Wayne",23,Fasion
391,f,"Jacob Willie",25,Fasion
392,m,"Jacqueline Peter",57,Reading
393,m,"Doris Jose",83,Reading
394,f,"Alexander Brian",48,Cooking
395,f,"Brandon Vincent",44,Cooking
396,m,"Bobby Tyler",83,Reading
397,m,"Jessica Bruce",46,Travel
398,m,"Jordan Joseph",42,Travel
399,f,"Joan Michael",86,Sewing
400,f,"Jessica Bruce",20,Fasion
401,f,"Amanda George",29,Fasion
402,m,"Jennifer Aaron",39,Travel
403,f,"Steven Paul",30,Fasion
404,m,"Natalie Steven",78,Reading
405,f,"Isabella Frank",51,Sewing
406,f,"Thomas Randy",70,Sewing
407,f,"Steven Henry",31,Cooking
408,f,"Evelyn Logan",77,Sewing
409,m,"Virginia Gabriel",39,Travel
410,m,"Logan Keith",46,Travel
411,m,"Janice Logan",77,Reading
412,m,"Sophia Russell",63,Reading
413,f,"Randy David",37,Cooking
414,m,"Sean Joshua",72,Reading
415,m,"Bryan Patrick",62,Reading
416,f,"Timothy Robert",44,Cooking
417,m,"Debra Gregory",21,Sports
418,m,"Jonathan Arthur",75,Reading
419,m,"Dylan Nathan",46,Travel
420,f,"George Nathan",37,Cooking
421,m,"Albert Brandon",33,Travel
422,f,"Kayla Adam",28,Fasion
423,m,"Jack Vincent",58,Reading
424,f,"Kevin Logan",20,Fasion
425,f,"Julia Christian",75,Sewing
426,m,"Joan Mark",46,Travel
427,m,"Carolyn Douglas",80,Reading
428,f,"Albert Johnny",41,Cooking
429,m,"Brian Kenneth",67,Reading
430,m,"George Peter",44,Travel
431,m,"Alexis Carl",40,Travel
432,f,"Ethan Nathan",84,Sewing
433,m,"Dorothy Justin",72,Reading
434,m,"Alice Terry",69,Reading
435,f,"Terry Mark",25,Fasion
436,m,"Christian Mark",60,Reading
437,m,"Barbara Ethan",49,Travel
438,f,"Dorothy Randy",55,Sewing
439,f,"Andrew Elijah",63,Sewing
440,f,"Marilyn Arthur",54,Sewing
441,f,"Margaret Stephen",59,Sewing
442,m,"Edward Dennis",64,Reading
443,f,"James Joe",84,Sewing
444,m,"Brittany Albert",65,Reading
445,m,"Wayne Lawrence",66,Reading
446,m,"Amanda Tyler",33,Travel
447,f,"Emma Jose",22,Fasion
448,f,"Richard Brandon",88,Sewing
449,f,"Justin Gary",90,Sewing
450,f,"Christopher Jonathan",46,Cooking
451,f,"Teresa Bryan",57,Sewing
452,f,"Edward Daniel",44,Cooking
453,m,"Helen Larry",47,Travel
454,f,"Tyler Harold",22,Fasion
455,m,"Heather Ralph",20,Sports
456,m,"Stephen David",49,Travel
457,f,"Lawrence Elijah",23,Fasion
458,m,"Alexander Larry",68,Reading
459,f,"Frances Philip",40,Cooking
460,m,"Juan Willie",55,Reading
461,m,"Albert Benjamin",69,Reading
462,f,"Roger Jeffrey",85,Sewing
463,f,"Martha Paul",27,Fasion
464,f,"Pamela Jack",22,Fasion
465,m,"Edward Justin",56,Reading
466,m,"Mark Roger",37,Travel
467,m,"Christopher Louis",46,Travel
468,m,"Lauren Randy",73,Reading
469,f,"Danielle Billy",28,Fasion
470,f,"Willie Andrew",31,Cooking
471,m,"Brian Timothy",28,Sports
472,m,"Diana Vincent",26,Sports
473,f,"Willie Larry",85,Sewing
474,f,"Scott Albert",67,Sewing
475,f,"Michael Alan",55,Sewing
476,f,"Ashley Nicholas",77,Sewing
477,m,"Stephen Dylan",40,Travel
478,f,"Laura Bobby",87,Sewing
479,f,"Elizabeth Gerald",78,Sewing
480,f,"Gary Lawrence",46,Cooking
481,f,"Rebecca John",27,Fasion
482,f,"Amy Stephen",78,Sewing
483,f,"Brandon Jason",88,Sewing
484,f,"Jack Willie",68,Sewing
485,f,,90,Sewing
486,m,"",46,Travel
487,f,"",89,Sewing
488,f,"Cheryl Richard",40,Cooking
489,f,"Justin Jonathan",60,Sewing
490,f,"Juan Steven",77,Sewing
491,f,"Sharon Tyler",79,Sewing
492,f,"Sara Zachary",62,Sewing
493,f,"Johnny Jordan",41,Cooking
494,m,"Jennifer Larry",82,Reading
495,f,"Philip Jerry",66,Sewing
496,m,"Katherine Gabriel",33,Travel
497,f,"Kayla Christian",24,Fasion
498,f,"Dennis John",,Sewing
499,f,"William James",,Sewing
500,m,"Jean Andrew",,Reading
